<?xml version="1.0" encoding="UTF-8"?>

<tcs>
<CEO>
<designation>CEO</designation>
<package>1crore</package>
<duration>5 years</duration>
</CEO>

<CEO>
<designation>Vicepresident</designation>
<package>80lakhs</package>
<duration>5years</duration>
</CEO>

<CEO>
<designation>principal consultant</designation>
<package>75lakhs</package>
<period>5years</period>
</CEO>
 
<CEO>
<designation>senoir consultant</designation>
<package>70lakhs</package>
<period>5years</period>
</CEO>
 
<CEO>
<designation>consultant</designation>
<package>60lakhs</package>
<period>5years</period>
</CEO>
 
<CEO>
<designation>Associate Consultant</designation>
<package>50lakhs</package>
<period>5years</period>
</CEO>
 
<CEO>
<designation>Assisstant Consultant</designation>
<package>40lakhs</package>
<period>5years</period>
</CEO>
 
<CEO>
<designation>IT Analyst</designation>
<package>30lakhs</package>
<period>5years</period>
</CEO>
</tcs>